{
	"trials": 10,
	"html":
		{
			"lz4":
				{
					"ratio": 3.0315464112,
					"speed": 191.8210773550
				},
			"zstd":
				{
					"1":
						{
							"ratio": 4.3445314217,
							"speed": 125.4755023331
						},
					"2":
						{
							"ratio": 4.5214224130,
							"speed": 107.7646734355
						},
					"3":
						{
							"ratio": 4.5499229775,
							"speed": 103.6227760182
						},
					"4":
						{
							"ratio": 4.8363697960,
							"speed": 54.9731909780
						},
					"5":
						{
							"ratio": 4.9490774623,
							"speed": 50.8828278260
						},
					"6":
						{
							"ratio": 5.1080586809,
							"speed": 35.1091373951
						},
					"7":
						{
							"ratio": 5.1486906169,
							"speed": 29.0923372945
						},
					"8":
						{
							"ratio": 5.2020568051,
							"speed": 23.0634192143
						},
					"9":
						{
							"ratio": 5.2560032727,
							"speed": 18.6204588772
						}
				},
			"zlib":
				{
					"1":
						{
							"ratio": 3.8166857279,
							"speed": 40.1538334551
						},
					"2":
						{
							"ratio": 4.0470273250,
							"speed": 37.9002152553
						},
					"3":
						{
							"ratio": 4.2273878854,
							"speed": 31.6474670106
						},
					"4":
						{
							"ratio": 4.4946913645,
							"speed": 29.2034949958
						},
					"5":
						{
							"ratio": 4.7029777265,
							"speed": 20.6993562910
						},
					"6":
						{
							"ratio": 4.8042701965,
							"speed": 14.5958163191
						},
					"7":
						{
							"ratio": 4.8250183075,
							"speed": 12.3262773361
						},
					"8":
						{
							"ratio": 4.8464947851,
							"speed": 7.6028544682
						},
					"9":
						{
							"ratio": 4.8485065756,
							"speed": 6.1028692053
						}
				},
			"snappy":
				{
					"ratio": 2.9519017587,
					"speed": 209.8922273639
				}
		},
	"json":
		{
			"lz4":
				{
					"ratio": 8.8448851001,
					"speed": 664.6193648449
				},
			"zstd":
				{
					"1":
						{
							"ratio": 14.6312078479,
							"speed": 377.1560745112
						},
					"2":
						{
							"ratio": 14.6739431207,
							"speed": 457.2084293336
						},
					"3":
						{
							"ratio": 14.4758871702,
							"speed": 343.3592161582
						},
					"4":
						{
							"ratio": 14.2404893331,
							"speed": 264.9727584664
						},
					"5":
						{
							"ratio": 14.9614420063,
							"speed": 93.4922336041
						},
					"6":
						{
							"ratio": 15.2045237337,
							"speed": 74.2847343316
						},
					"7":
						{
							"ratio": 15.4681575109,
							"speed": 65.8316822369
						},
					"8":
						{
							"ratio": 15.6841932304,
							"speed": 65.0222017022
						},
					"9":
						{
							"ratio": 15.7801289469,
							"speed": 59.3094709068
						}
				},
			"zlib":
				{
					"1":
						{
							"ratio": 11.8194650817,
							"speed": 121.1124966315
						},
					"2":
						{
							"ratio": 11.9407055291,
							"speed": 119.5580711964
						},
					"3":
						{
							"ratio": 12.3389348501,
							"speed": 118.3321159854
						},
					"4":
						{
							"ratio": 12.0310057978,
							"speed": 69.5329324787
						},
					"5":
						{
							"ratio": 12.7424909892,
							"speed": 62.6709865251
						},
					"6":
						{
							"ratio": 13.6518878719,
							"speed": 58.1758759043
						},
					"7":
						{
							"ratio": 14.0044014085,
							"speed": 55.0493141469
						},
					"8":
						{
							"ratio": 14.1225033289,
							"speed": 25.3990164259
						},
					"9":
						{
							"ratio": 14.1329582470,
							"speed": 16.0668481945
						}
				},
			"snappy":
				{
					"ratio": 7.1699842259,
					"speed": 791.0312091031
				}
		},
	"js":
		{
			"lz4":
				{
					"ratio": 0.0000000000,
					"speed": 0.0000000000
				},
			"zstd":
				{
					"1":
						{
							"ratio": 0.0000000000,
							"speed": 0.0000000000
						},
					"2":
						{
							"ratio": 0.0000000000,
							"speed": 0.0000000000
						},
					"3":
						{
							"ratio": 0.0000000000,
							"speed": 0.0000000000
						},
					"4":
						{
							"ratio": 0.0000000000,
							"speed": 0.0000000000
						},
					"5":
						{
							"ratio": 0.0000000000,
							"speed": 0.0000000000
						},
					"6":
						{
							"ratio": 0.0000000000,
							"speed": 0.0000000000
						},
					"7":
						{
							"ratio": 0.0000000000,
							"speed": 0.0000000000
						},
					"8":
						{
							"ratio": 0.0000000000,
							"speed": 0.0000000000
						},
					"9":
						{
							"ratio": 0.0000000000,
							"speed": 0.0000000000
						}
				},
			"zlib":
				{
					"1":
						{
							"ratio": 0.0000000000,
							"speed": 0.0000000000
						},
					"2":
						{
							"ratio": 0.0000000000,
							"speed": 0.0000000000
						},
					"3":
						{
							"ratio": 0.0000000000,
							"speed": 0.0000000000
						},
					"4":
						{
							"ratio": 0.0000000000,
							"speed": 0.0000000000
						},
					"5":
						{
							"ratio": 0.0000000000,
							"speed": 0.0000000000
						},
					"6":
						{
							"ratio": 0.0000000000,
							"speed": 0.0000000000
						},
					"7":
						{
							"ratio": 0.0000000000,
							"speed": 0.0000000000
						},
					"8":
						{
							"ratio": 0.0000000000,
							"speed": 0.0000000000
						},
					"9":
						{
							"ratio": 0.0000000000,
							"speed": 0.0000000000
						}
				},
			"snappy":
				{
					"ratio": 0.0000000000,
					"speed": 0.0000000000
				}
		}
}
