{
	"trials": 1000,
	"html":
		{
			"lz4":
				{
					"ratio": 3.0315464112,
					"speed": 474.5498264988
				},
			"zstd1":
				{
					"ratio": 4.3445314217,
					"speed": 316.3548824452
				},
			"zstd2":
				{
					"ratio": 4.5214224130,
					"speed": 271.1915049798
				},
			"zstd3":
				{
					"ratio": 4.5499229775,
					"speed": 253.4903047779
				},
			"zstd4":
				{
					"ratio": 4.8363697960,
					"speed": 133.2412339515
				},
			"zstd5":
				{
					"ratio": 4.9490774623,
					"speed": 120.8833252632
				},
			"zstd6":
				{
					"ratio": 5.1080586809,
					"speed": 81.1439695956
				},
			"zstd7":
				{
					"ratio": 5.1486906169,
					"speed": 68.4837166140
				},
			"zstd8":
				{
					"ratio": 5.2020568051,
					"speed": 51.7797061153
				},
			"zstd9":
				{
					"ratio": 5.2560032727,
					"speed": 42.1279746235
				},
			"zlib1":
				{
					"ratio": 3.8166857279,
					"speed": 92.2663874516
				},
			"zlib2":
				{
					"ratio": 4.0470273250,
					"speed": 86.4628430535
				},
			"zlib3":
				{
					"ratio": 4.2273878854,
					"speed": 73.1399553891
				},
			"zlib4":
				{
					"ratio": 4.4946913645,
					"speed": 67.3517688861
				},
			"zlib5":
				{
					"ratio": 4.7029777265,
					"speed": 48.0304461728
				},
			"zlib6":
				{
					"ratio": 4.8042701965,
					"speed": 34.6842017902
				},
			"zlib7":
				{
					"ratio": 4.8250183075,
					"speed": 29.6442075368
				},
			"zlib8":
				{
					"ratio": 4.8464947851,
					"speed": 18.8669284768
				},
			"zlib9":
				{
					"ratio": 4.8485065756,
					"speed": 15.0527124787
				},
			"snappy":
				{
					"ratio": 2.9519017587,
					"speed": 527.4352751700
				}
		},
	"json":
		{
			"lz4":
				{
					"ratio": 8.8448851001,
					"speed": 1660.2405144064
				},
			"zstd1":
				{
					"ratio": 14.6312078479,
					"speed": 908.1823261269
				},
			"zstd2":
				{
					"ratio": 14.6739431207,
					"speed": 1123.9893232432
				},
			"zstd3":
				{
					"ratio": 14.4758871702,
					"speed": 851.6907982225
				},
			"zstd4":
				{
					"ratio": 14.2404893331,
					"speed": 583.9962503013
				},
			"zstd5":
				{
					"ratio": 14.9614420063,
					"speed": 215.3513888229
				},
			"zstd6":
				{
					"ratio": 15.2045237337,
					"speed": 179.9863119541
				},
			"zstd7":
				{
					"ratio": 15.4681575109,
					"speed": 157.5810443169
				},
			"zstd8":
				{
					"ratio": 15.6841932304,
					"speed": 149.8974730295
				},
			"zstd9":
				{
					"ratio": 15.7801289469,
					"speed": 142.0852993972
				},
			"zlib1":
				{
					"ratio": 11.8194650817,
					"speed": 297.1664354753
				},
			"zlib2":
				{
					"ratio": 11.9407055291,
					"speed": 298.2873847365
				},
			"zlib3":
				{
					"ratio": 12.3389348501,
					"speed": 294.8238694818
				},
			"zlib4":
				{
					"ratio": 12.0310057978,
					"speed": 168.7879722791
				},
			"zlib5":
				{
					"ratio": 12.7424909892,
					"speed": 158.8878684314
				},
			"zlib6":
				{
					"ratio": 13.6518878719,
					"speed": 141.6544310427
				},
			"zlib7":
				{
					"ratio": 14.0044014085,
					"speed": 132.3044373055
				},
			"zlib8":
				{
					"ratio": 14.1225033289,
					"speed": 60.8270094132
				},
			"zlib9":
				{
					"ratio": 14.1329582470,
					"speed": 38.9795278499
				},
			"snappy":
				{
					"ratio": 7.1699842259,
					"speed": 1921.3934680230
				}
		},
	"js":
		{
			"lz4":
				{
					"ratio": 0.0000000000,
					"speed": 0.0000000000
				},
			"zstd1":
				{
					"ratio": 0.0000000000,
					"speed": 0.0000000000
				},
			"zstd2":
				{
					"ratio": 0.0000000000,
					"speed": 0.0000000000
				},
			"zstd3":
				{
					"ratio": 0.0000000000,
					"speed": 0.0000000000
				},
			"zstd4":
				{
					"ratio": 0.0000000000,
					"speed": 0.0000000000
				},
			"zstd5":
				{
					"ratio": 0.0000000000,
					"speed": 0.0000000000
				},
			"zstd6":
				{
					"ratio": 0.0000000000,
					"speed": 0.0000000000
				},
			"zstd7":
				{
					"ratio": 0.0000000000,
					"speed": 0.0000000000
				},
			"zstd8":
				{
					"ratio": 0.0000000000,
					"speed": 0.0000000000
				},
			"zstd9":
				{
					"ratio": 0.0000000000,
					"speed": 0.0000000000
				},
			"zlib1":
				{
					"ratio": 0.0000000000,
					"speed": 0.0000000000
				},
			"zlib2":
				{
					"ratio": 0.0000000000,
					"speed": 0.0000000000
				},
			"zlib3":
				{
					"ratio": 0.0000000000,
					"speed": 0.0000000000
				},
			"zlib4":
				{
					"ratio": 0.0000000000,
					"speed": 0.0000000000
				},
			"zlib5":
				{
					"ratio": 0.0000000000,
					"speed": 0.0000000000
				},
			"zlib6":
				{
					"ratio": 0.0000000000,
					"speed": 0.0000000000
				},
			"zlib7":
				{
					"ratio": 0.0000000000,
					"speed": 0.0000000000
				},
			"zlib8":
				{
					"ratio": 0.0000000000,
					"speed": 0.0000000000
				},
			"zlib9":
				{
					"ratio": 0.0000000000,
					"speed": 0.0000000000
				},
			"snappy":
				{
					"ratio": 0.0000000000,
					"speed": 0.0000000000
				}
		}
}
