{"lz4":{"benchmarks":{"html":{"ratio":3.235805220807676,"speed":4254681.02925317,"totalTime":60.39583184573191},"json":{"ratio":9.039109848484848,"speed":3913271.2898435877,"totalTime":24.392124371171626},"mp3":{"ratio":1,"totalTime":0},"png":{"ratio":1,"totalTime":0}}},"snappy":{"benchmarks":{"html":{"ratio":2.9519241815048822,"speed":1966476.462369614,"totalTime":130.6728073878677},"json":{"ratio":7.170447716346154,"speed":593500.790784,"totalTime":160.8304512516469},"mp3":{"ratio":1.0030158696049725,"speed":1308561.308949352,"totalTime":1747.8340406047603},"png":{"ratio":1,"totalTime":0}}},"zlib":{"benchmarks":{"html":{"1":{"ratio":4.811177682082007,"speed":51287001.6704219,"totalTime":5.0103338395817385},"2":{"ratio":4.811177682082007,"speed":45613684.93062327,"totalTime":5.63350670727073},"3":{"ratio":4.811177682082007,"speed":46009774.0218937,"totalTime":5.585008956525704},"4":{"ratio":4.811177682082007,"speed":42207630.51961829,"totalTime":6.088117168305896},"5":{"ratio":4.811177682082007,"speed":43160220.92478632,"totalTime":5.953746169367464},"6":{"ratio":4.811177682082007,"speed":40443025.442323275,"totalTime":6.353753142589782},"7":{"ratio":4.811177682082007,"speed":41349732.61433112,"totalTime":6.214429544120928},"8":{"ratio":4.811177682082007,"speed":40926466.725146025,"totalTime":6.278699838071183},"9":{"ratio":4.811177682082007,"speed":41275840.17715717,"totalTime":6.2255546803432305}},"json":{"1":{"ratio":14.057879234167894,"speed":13390693.268191349,"totalTime":7.128309049296342},"2":{"ratio":14.057879234167894,"speed":19414930.189229656,"totalTime":4.916474026414584},"3":{"ratio":14.057879234167894,"speed":12781354.68802217,"totalTime":7.468144209271664},"4":{"ratio":14.057879234167894,"speed":11390741.363978332,"totalTime":8.3798759843549},"5":{"ratio":14.057879234167894,"speed":13192164.782870244,"totalTime":7.235582754692677},"6":{"ratio":14.057879234167894,"speed":19737575.829763394,"totalTime":4.836105549297553},"7":{"ratio":14.057879234167894,"speed":12410801.59446693,"totalTime":7.691122871753547},"8":{"ratio":14.057879234167894,"speed":11455025.795555796,"totalTime":8.332848978570862},"9":{"ratio":14.057879234167894,"speed":14940595.188342988,"totalTime":6.388835169998765}},"mp3":{"1":{"ratio":1.0099750105870502,"speed":74427296.93315406,"totalTime":30.729961912417338},"2":{"ratio":1.0099750105870502,"speed":80121829.61184387,"totalTime":28.54587833403528},"3":{"ratio":1.0099750105870502,"speed":79325225.18416423,"totalTime":28.832543427265122},"4":{"ratio":1.0099750105870502,"speed":77432482.94808981,"totalTime":29.537319648309456},"5":{"ratio":1.0099750105870502,"speed":91060551.74812736,"totalTime":25.11678170286328},"6":{"ratio":1.0099750105870502,"speed":97335530.16605403,"totalTime":23.497565545676224},"7":{"ratio":1.0099750105870502,"speed":80348768.22321828,"totalTime":28.465252804449168},"8":{"ratio":1.0099750105870502,"speed":80147759.03841414,"totalTime":28.536643163083195},"9":{"ratio":1.0099750105870502,"speed":80769807.93046047,"totalTime":28.316868129352763}},"png":{"1":{"ratio":1.0255156002115282,"speed":2245523.495569396,"totalTime":24.180998376163256},"2":{"ratio":1.0255156002115282,"speed":1977097.2092029362,"totalTime":27.464001136236778},"3":{"ratio":1.0255156002115282,"speed":2366629.428632842,"totalTime":22.943600439958836},"4":{"ratio":1.0255156002115282,"speed":1969189.2246905977,"totalTime":27.57429266785245},"5":{"ratio":1.0255156002115282,"speed":1847472.5035930194,"totalTime":29.39096516694981},"6":{"ratio":1.0255156002115282,"speed":1996816.6299246198,"totalTime":27.192782344791368},"7":{"ratio":1.0255156002115282,"speed":1669313.806552605,"totalTime":32.52773671843999},"8":{"ratio":1.0255156002115282,"speed":1605453.1217233632,"totalTime":33.821604172230884},"9":{"ratio":1.0255156002115282,"speed":2308898.1307658423,"totalTime":23.517278340032036}}}},"zstd":{"benchmarks":{"html":{"1":{"ratio":4.354453331525791,"speed":5376673.295310371,"totalTime":47.79256352141191},"10":{"ratio":5.291592018286279,"speed":51810697.48685676,"totalTime":4.9596900343830805},"11":{"ratio":5.328902345451152,"speed":114236733.87334986,"totalTime":2.249407798063343},"12":{"ratio":5.3641658316633265,"speed":163893015.76287425,"totalTime":1.567882553163738},"13":{"ratio":5.418916069169127,"speed":209359792.7036236,"totalTime":1.2273846696235884},"14":{"ratio":5.469435102805329,"speed":241074714.76210728,"totalTime":1.0659143587645568},"15":{"ratio":5.555399416279321,"speed":284722447.004735,"totalTime":0.9025105069981596},"16":{"ratio":5.610834534259138,"speed":471674014.34422296,"totalTime":0.5447936332834938},"17":{"ratio":5.613899023441767,"speed":516909484.9982723,"totalTime":0.4971179818858594},"18":{"ratio":5.618317773356363,"speed":712172244.4063464,"totalTime":0.3608186109726886},"19":{"ratio":5.621513421277155,"speed":753761925.5784392,"totalTime":0.34091002912199936},"2":{"ratio":4.544192544387069,"speed":6344477.358367562,"totalTime":40.50215415476197},"20":{"ratio":5.6227434848252775,"speed":872016831.9621818,"totalTime":0.29467894492562297},"21":{"ratio":5.6227434848252775,"speed":864582889.6810116,"totalTime":0.29721268263220824},"3":{"ratio":4.575913526604459,"speed":7868393.729523709,"totalTime":32.65787260185245},"4":{"ratio":4.939449858716337,"speed":15368380.1882812,"totalTime":16.720369801623118},"5":{"ratio":5.081171399193229,"speed":20180801.69326333,"totalTime":12.733141324399364},"6":{"ratio":5.1079372651917225,"speed":34669918.39368175,"totalTime":7.411756701649154},"7":{"ratio":5.149289621866421,"speed":25255399.976481885,"totalTime":10.17465572666791},"8":{"ratio":5.202457838155204,"speed":31887103.040154606,"totalTime":8.05858718731553},"9":{"ratio":5.255230382232039,"speed":39196009.67631247,"totalTime":6.55589694262406}},"json":{"1":{"ratio":14.651266308518803,"speed":2285533.121690504,"totalTime":41.763997683567936},"10":{"ratio":15.793017868960954,"speed":15389292.01306515,"totalTime":6.202559540683394},"11":{"ratio":15.853346620162764,"speed":35409520.4634169,"totalTime":2.6956874521533445},"12":{"ratio":15.845451527224435,"speed":42828001.17891093,"totalTime":2.2287521568249677},"13":{"ratio":14.794327340359578,"speed":145691314.0995244,"totalTime":0.6551728947601798},"14":{"ratio":15.413046988535443,"speed":201276558.00992987,"totalTime":0.47423803816881094},"15":{"ratio":15.756520303730603,"speed":247938506.20514542,"totalTime":0.38498658986443096},"16":{"ratio":15.671154161878182,"speed":284204108.42101204,"totalTime":0.3358607323811047},"17":{"ratio":15.671154161878182,"speed":289530143.7952057,"totalTime":0.329682425286664},"18":{"ratio":16.525796398891966,"speed":1593759708.1392817,"totalTime":0.05989171360809567},"19":{"ratio":15.712427983539095,"speed":551933708.2240956,"totalTime":0.17294287081528323},"2":{"ratio":14.682818027995692,"speed":2003411.0838726352,"totalTime":47.64523904673991},"20":{"ratio":16.554457162677767,"speed":2889898144.1227474,"totalTime":0.03302988383660683},"21":{"ratio":16.554457162677767,"speed":2835577093.105562,"totalTime":0.03366263616393465},"3":{"ratio":14.497721749696233,"speed":2364878.184796384,"totalTime":40.36275551682105},"4":{"ratio":14.236092468307234,"speed":2758908.7056626445,"totalTime":34.598100257570415},"5":{"ratio":14.984772370486656,"speed":6630669.30470822,"totalTime":14.395680980835822},"6":{"ratio":15.28470776621297,"speed":7765776.643260731,"totalTime":12.291494384252692},"7":{"ratio":15.473010212352083,"speed":9091842.993528634,"totalTime":10.49875147073495},"8":{"ratio":15.678876478318003,"speed":9428886.11724817,"totalTime":10.123465148803607},"9":{"ratio":15.772141440846001,"speed":11200754.673527285,"totalTime":8.5220150590032}},"mp3":{"1":{"ratio":1.0032222096480308,"speed":4907923.203542272,"totalTime":466.01136675269515},"10":{"ratio":1.0032961431528042,"speed":99533612.37094454,"totalTime":22.978649578960276},"11":{"ratio":1.0032974634929952,"speed":113794172.98189074,"totalTime":20.09899048489924},